codon,iupac
TTT,TTY
TTC,TTY
TTA,TTR
TTG,TTR
CTT,TTR
CTC,TTR
CTA,TTR
CTG,TTR
ATT,ATW
ATC,ATW
ATA,ATW
ATG,ATG
GTT,GTW
GTC,GTW
GTA,GTW
GTG,GTW
TCT,TCW
TCC,TCW
TCA,TCW
TCG,TCW
CCT,CCW
CCC,CCW
CCA,CCW
CCG,CCW
ACT,ACW
ACC,ACW
ACA,ACW
ACG,ACW
GCT,GCW
GCC,GCW
GCA,GCW
GCG,GCW
TAT,TAY
TAC,TAY
TAA,TRA
TAG,TRA
CAT,CAY
CAC,CAY
CAA,CAR
CAG,CAR
AAT,AAY
AAC,AAY
AAA,AAR
AAG,AAR
GAT,GAY
GAC,GAY
GAA,GAR
GAG,GAR
TGT,TGY
TGC,TGY
TGA,TRA
TGG,TGG
CGT,AGR
CGC,AGR
CGA,AGR
CGG,AGR
AGT,TCW
AGC,TCW
AGA,AGR
AGG,AGR
GGT,GGW
GGC,GGW
GGA,GGW
GGG,GGW